1	https://www.mhlw.go.jp/file/06-Seisakujouhou-10900000-Kenkoukyoku/0000157680.docx
2	https://www.mhlw.go.jp/file/06-Seisakujouhou-10900000-Kenkoukyoku/0000157684.docx
3	https://www.mhlw.go.jp/file/06-Seisakujouhou-10900000-Kenkoukyoku/0000198037.docx
4	https://www.mhlw.go.jp/file/06-Seisakujouhou-10900000-Kenkoukyoku/0000157693.docx
5	https://www.mhlw.go.jp/file/06-Seisakujouhou-10900000-Kenkoukyoku/0000157719.docx
6	https://www.mhlw.go.jp/file/06-Seisakujouhou-10900000-Kenkoukyoku/0000157751.docx
7	https://www.mhlw.go.jp/file/06-Seisakujouhou-10900000-Kenkoukyoku/0000157732.docx
8	https://www.mhlw.go.jp/file/06-Seisakujouhou-10900000-Kenkoukyoku/0000157756.docx
9	https://www.mhlw.go.jp/file/06-Seisakujouhou-10900000-Kenkoukyoku/0000157718.docx
10	https://www.mhlw.go.jp/file/06-Seisakujouhou-10900000-Kenkoukyoku/0000157714.docx
11	https://www.mhlw.go.jp/file/06-Seisakujouhou-10900000-Kenkoukyoku/0000198038.docx
12	https://www.mhlw.go.jp/file/06-Seisakujouhou-10900000-Kenkoukyoku/0000157729.docx
13	https://www.mhlw.go.jp/file/06-Seisakujouhou-10900000-Kenkoukyoku/0000157736.docx
14	https://www.mhlw.go.jp/file/06-Seisakujouhou-10900000-Kenkoukyoku/0000157814.docx
15	https://www.mhlw.go.jp/file/06-Seisakujouhou-10900000-Kenkoukyoku/0000157761.docx
16	https://www.mhlw.go.jp/file/06-Seisakujouhou-10900000-Kenkoukyoku/0000157687.docx
17	https://www.mhlw.go.jp/file/06-Seisakujouhou-10900000-Kenkoukyoku/0000157734.docx
18	https://www.mhlw.go.jp/file/06-Seisakujouhou-10900000-Kenkoukyoku/0000157723.docx
19	https://www.mhlw.go.jp/file/06-Seisakujouhou-10900000-Kenkoukyoku/0000157775.docx
20	https://www.mhlw.go.jp/file/06-Seisakujouhou-10900000-Kenkoukyoku/0000198039.docx
21	https://www.mhlw.go.jp/file/06-Seisakujouhou-10900000-Kenkoukyoku/0000157772.docx
22	https://www.mhlw.go.jp/file/06-Seisakujouhou-10900000-Kenkoukyoku/0000157774.docx
23	https://www.mhlw.go.jp/file/06-Seisakujouhou-10900000-Kenkoukyoku/0000157764.docx
24	https://www.mhlw.go.jp/file/06-Seisakujouhou-10900000-Kenkoukyoku/0000198115.docx
25	https://www.mhlw.go.jp/file/06-Seisakujouhou-10900000-Kenkoukyoku/0000157720.docx
26	https://www.mhlw.go.jp/file/06-Seisakujouhou-10900000-Kenkoukyoku/0000157669.docx
27	https://www.mhlw.go.jp/file/06-Seisakujouhou-10900000-Kenkoukyoku/0000157865.docx
28	https://www.mhlw.go.jp/file/06-Seisakujouhou-10900000-Kenkoukyoku/0000157813.docx
29	https://www.mhlw.go.jp/file/06-Seisakujouhou-10900000-Kenkoukyoku/0000157668.docx
30	https://www.mhlw.go.jp/file/06-Seisakujouhou-10900000-Kenkoukyoku/0000157670.docx
31	https://www.mhlw.go.jp/file/06-Seisakujouhou-10900000-Kenkoukyoku/0000157766.docx
32	https://www.mhlw.go.jp/file/06-Seisakujouhou-10900000-Kenkoukyoku/0000157711.docx
33	https://www.mhlw.go.jp/file/06-Seisakujouhou-10900000-Kenkoukyoku/0000157716.docx
34	https://www.mhlw.go.jp/file/06-Seisakujouhou-10900000-Kenkoukyoku/0000157717.docx
35	https://www.mhlw.go.jp/file/06-Seisakujouhou-10900000-Kenkoukyoku/0000198042.docx
36	https://www.mhlw.go.jp/file/06-Seisakujouhou-10900000-Kenkoukyoku/0000157760.docx
37	https://www.mhlw.go.jp/file/06-Seisakujouhou-10900000-Kenkoukyoku/0000198043.docx
38	https://www.mhlw.go.jp/file/06-Seisakujouhou-10900000-Kenkoukyoku/0000198046.docx
39	https://www.mhlw.go.jp/file/06-Seisakujouhou-10900000-Kenkoukyoku/0000198048.docx
40	https://www.mhlw.go.jp/file/06-Seisakujouhou-10900000-Kenkoukyoku/0000198050.docx
41	https://www.mhlw.go.jp/file/06-Seisakujouhou-10900000-Kenkoukyoku/0000161229.docx
42	https://www.mhlw.go.jp/file/06-Seisakujouhou-10900000-Kenkoukyoku/0000157689.docx
43	https://www.mhlw.go.jp/file/06-Seisakujouhou-10900000-Kenkoukyoku/0000157696.docx
44	https://www.mhlw.go.jp/file/06-Seisakujouhou-10900000-Kenkoukyoku/0000198052.docx
45	https://www.mhlw.go.jp/file/06-Seisakujouhou-10900000-Kenkoukyoku/0000157698.docx
46	https://www.mhlw.go.jp/file/06-Seisakujouhou-10900000-Kenkoukyoku/0000157666.docx
47	https://www.mhlw.go.jp/file/06-Seisakujouhou-10900000-Kenkoukyoku/0000157866.docx
48	https://www.mhlw.go.jp/file/06-Seisakujouhou-10900000-Kenkoukyoku/0000157692.docx
49	https://www.mhlw.go.jp/file/06-Seisakujouhou-10900000-Kenkoukyoku/0000157727.docx
50	https://www.mhlw.go.jp/file/06-Seisakujouhou-10900000-Kenkoukyoku/0000157759.docx
51	https://www.mhlw.go.jp/file/06-Seisakujouhou-10900000-Kenkoukyoku/0000157796.docx
52	https://www.mhlw.go.jp/file/06-Seisakujouhou-10900000-Kenkoukyoku/0000157704.docx
53	https://www.mhlw.go.jp/file/06-Seisakujouhou-10900000-Kenkoukyoku/0000157710.docx
54	https://www.mhlw.go.jp/file/06-Seisakujouhou-10900000-Kenkoukyoku/0000157811.docx
55	https://www.mhlw.go.jp/file/06-Seisakujouhou-10900000-Kenkoukyoku/0000157707.docx
56	https://www.mhlw.go.jp/file/06-Seisakujouhou-10900000-Kenkoukyoku/0000157765.docx
57	https://www.mhlw.go.jp/file/06-Seisakujouhou-10900000-Kenkoukyoku/0000198053.docx
58	https://www.mhlw.go.jp/file/06-Seisakujouhou-10900000-Kenkoukyoku/0000198057.docx
59	https://www.mhlw.go.jp/file/06-Seisakujouhou-10900000-Kenkoukyoku/0000198059.docx
60	https://www.mhlw.go.jp/file/06-Seisakujouhou-10900000-Kenkoukyoku/0000157706.docx
61	https://www.mhlw.go.jp/file/06-Seisakujouhou-10900000-Kenkoukyoku/0000157713.docx
62	https://www.mhlw.go.jp/file/06-Seisakujouhou-10900000-Kenkoukyoku/0000157767.docx
63	https://www.mhlw.go.jp/file/06-Seisakujouhou-10900000-Kenkoukyoku/0000157747.docx
64	https://www.mhlw.go.jp/file/06-Seisakujouhou-10900000-Kenkoukyoku/0000157952.docx
65	https://www.mhlw.go.jp/file/06-Seisakujouhou-10900000-Kenkoukyoku/0000157976.docx
66	https://www.mhlw.go.jp/file/06-Seisakujouhou-10900000-Kenkoukyoku/0000198061.docx
67	https://www.mhlw.go.jp/file/06-Seisakujouhou-10900000-Kenkoukyoku/0000198063.docx
68	https://www.mhlw.go.jp/file/06-Seisakujouhou-10900000-Kenkoukyoku/0000157671.docx
69	https://www.mhlw.go.jp/file/06-Seisakujouhou-10900000-Kenkoukyoku/0000157699.docx
70	https://www.mhlw.go.jp/file/06-Seisakujouhou-10900000-Kenkoukyoku/0000198064.docx
71	https://www.mhlw.go.jp/file/06-Seisakujouhou-10900000-Kenkoukyoku/0000157748.docx
72	https://www.mhlw.go.jp/file/06-Seisakujouhou-10900000-Kenkoukyoku/0000157673.docx
73	https://www.mhlw.go.jp/file/06-Seisakujouhou-10900000-Kenkoukyoku/0000157676.docx
74	https://www.mhlw.go.jp/file/06-Seisakujouhou-10900000-Kenkoukyoku/0000157677.docx
75	https://www.mhlw.go.jp/file/06-Seisakujouhou-10900000-Kenkoukyoku/0000157685.docx
76	https://www.mhlw.go.jp/file/06-Seisakujouhou-10900000-Kenkoukyoku/0000157674.docx
77	https://www.mhlw.go.jp/file/06-Seisakujouhou-10900000-Kenkoukyoku/0000157675.docx
78	https://www.mhlw.go.jp/file/06-Seisakujouhou-10900000-Kenkoukyoku/0000157678.docx
79	https://www.mhlw.go.jp/file/06-Seisakujouhou-10900000-Kenkoukyoku/0000157679.docx
80	https://www.mhlw.go.jp/file/06-Seisakujouhou-10900000-Kenkoukyoku/0000157700.docx
81	https://www.mhlw.go.jp/file/06-Seisakujouhou-10900000-Kenkoukyoku/0000157731.docx
82	https://www.mhlw.go.jp/file/06-Seisakujouhou-10900000-Kenkoukyoku/0000157730.docx
83	https://www.mhlw.go.jp/file/06-Seisakujouhou-10900000-Kenkoukyoku/0000157667.docx
84	https://www.mhlw.go.jp/file/06-Seisakujouhou-10900000-Kenkoukyoku/0000157708.docx
85	https://www.mhlw.go.jp/file/06-Seisakujouhou-10900000-Kenkoukyoku/0000198066.docx
86	https://www.mhlw.go.jp/file/06-Seisakujouhou-10900000-Kenkoukyoku/0000157754.docx
87	https://www.mhlw.go.jp/file/06-Seisakujouhou-10900000-Kenkoukyoku/0000157867.docx
88	https://www.mhlw.go.jp/file/06-Seisakujouhou-10900000-Kenkoukyoku/0000157770.docx
89	https://www.mhlw.go.jp/file/06-Seisakujouhou-10900000-Kenkoukyoku/0000157956.docx
90	https://www.mhlw.go.jp/file/06-Seisakujouhou-10900000-Kenkoukyoku/0000157773.docx
91	https://www.mhlw.go.jp/file/06-Seisakujouhou-10900000-Kenkoukyoku/0000198069.docx
92	https://www.mhlw.go.jp/file/06-Seisakujouhou-10900000-Kenkoukyoku/0000198073.docx
93	https://www.mhlw.go.jp/file/06-Seisakujouhou-10900000-Kenkoukyoku/0000157694.docx
94	https://www.mhlw.go.jp/file/06-Seisakujouhou-10900000-Kenkoukyoku/0000157691.docx
95	https://www.mhlw.go.jp/file/06-Seisakujouhou-10900000-Kenkoukyoku/0000157712.docx
96	https://www.mhlw.go.jp/file/06-Seisakujouhou-10900000-Kenkoukyoku/0000157688.docx
97	https://www.mhlw.go.jp/file/06-Seisakujouhou-10900000-Kenkoukyoku/0000157672.docx
98	https://www.mhlw.go.jp/file/06-Seisakujouhou-10900000-Kenkoukyoku/0000157697.docx
99	https://www.mhlw.go.jp/file/06-Seisakujouhou-10900000-Kenkoukyoku/0000157771.docx
100	https://www.mhlw.go.jp/file/06-Seisakujouhou-10900000-Kenkoukyoku/0000157683.docx
101	https://www.mhlw.go.jp/file/06-Seisakujouhou-10900000-Kenkoukyoku/0000157740.docx
102	https://www.mhlw.go.jp/file/06-Seisakujouhou-10900000-Kenkoukyoku/0000157778.docx
103	https://www.mhlw.go.jp/file/06-Seisakujouhou-10900000-Kenkoukyoku/0000157709.docx
104	https://www.mhlw.go.jp/file/06-Seisakujouhou-10900000-Kenkoukyoku/0000157703.docx
105	https://www.mhlw.go.jp/file/06-Seisakujouhou-10900000-Kenkoukyoku/0000157954.docx
106	https://www.mhlw.go.jp/file/06-Seisakujouhou-10900000-Kenkoukyoku/0000157686.docx
107	https://www.mhlw.go.jp/file/06-Seisakujouhou-10900000-Kenkoukyoku/0000198074.docx
108	https://www.mhlw.go.jp/file/06-Seisakujouhou-10900000-Kenkoukyoku/0000157741.docx
109	https://www.mhlw.go.jp/file/06-Seisakujouhou-10900000-Kenkoukyoku/0000157758.docx
110	https://www.mhlw.go.jp/file/06-Seisakujouhou-10900000-Kenkoukyoku/0000157763.docx
111	https://www.mhlw.go.jp/file/06-Seisakujouhou-10900000-Kenkoukyoku/0000157230.docx
112	https://www.mhlw.go.jp/file/06-Seisakujouhou-10900000-Kenkoukyoku/0000157296.docx
113	https://www.mhlw.go.jp/file/06-Seisakujouhou-10900000-Kenkoukyoku/0000157176.docx
114	https://www.mhlw.go.jp/file/06-Seisakujouhou-10900000-Kenkoukyoku/0000157271.docx
115	https://www.mhlw.go.jp/file/06-Seisakujouhou-10900000-Kenkoukyoku/0000157132.docx
116	https://www.mhlw.go.jp/file/06-Seisakujouhou-10900000-Kenkoukyoku/0000157115.docx
117	https://www.mhlw.go.jp/file/06-Seisakujouhou-10900000-Kenkoukyoku/0000157222.docx
118	https://www.mhlw.go.jp/file/06-Seisakujouhou-10900000-Kenkoukyoku/0000157223.docx
119	https://www.mhlw.go.jp/file/06-Seisakujouhou-10900000-Kenkoukyoku/0000157112.docx
120	https://www.mhlw.go.jp/file/06-Seisakujouhou-10900000-Kenkoukyoku/0000157130.docx
121	https://www.mhlw.go.jp/file/06-Seisakujouhou-10900000-Kenkoukyoku/0000157213.docx
122	https://www.mhlw.go.jp/file/06-Seisakujouhou-10900000-Kenkoukyoku/0000157264.docx
123	https://www.mhlw.go.jp/file/06-Seisakujouhou-10900000-Kenkoukyoku/0000157252.docx
124	https://www.mhlw.go.jp/file/06-Seisakujouhou-10900000-Kenkoukyoku/0000157272.docx
125	https://www.mhlw.go.jp/file/06-Seisakujouhou-10900000-Kenkoukyoku/0000157212.docx
126	https://www.mhlw.go.jp/file/06-Seisakujouhou-10900000-Kenkoukyoku/0000157290.docx
127	https://www.mhlw.go.jp/file/06-Seisakujouhou-10900000-Kenkoukyoku/0000157233.docx
128	https://www.mhlw.go.jp/file/06-Seisakujouhou-10900000-Kenkoukyoku/0000157275.docx
129	https://www.mhlw.go.jp/file/06-Seisakujouhou-10900000-Kenkoukyoku/0000157183.docx
130	https://www.mhlw.go.jp/file/06-Seisakujouhou-10900000-Kenkoukyoku/0000157231.docx
131	https://www.mhlw.go.jp/file/06-Seisakujouhou-10900000-Kenkoukyoku/0000157121.docx
132	https://www.mhlw.go.jp/file/06-Seisakujouhou-10900000-Kenkoukyoku/0000157225.docx
133	https://www.mhlw.go.jp/file/06-Seisakujouhou-10900000-Kenkoukyoku/0000157306.docx
134	https://www.mhlw.go.jp/file/06-Seisakujouhou-10900000-Kenkoukyoku/0000157250.docx
135	https://www.mhlw.go.jp/file/06-Seisakujouhou-10900000-Kenkoukyoku/0000157111.docx
136	https://www.mhlw.go.jp/file/06-Seisakujouhou-10900000-Kenkoukyoku/0000157292.docx
137	https://www.mhlw.go.jp/file/06-Seisakujouhou-10900000-Kenkoukyoku/0000157185.docx
138	https://www.mhlw.go.jp/file/06-Seisakujouhou-10900000-Kenkoukyoku/0000157211.docx
139	https://www.mhlw.go.jp/file/06-Seisakujouhou-10900000-Kenkoukyoku/0000157229.docx
140	https://www.mhlw.go.jp/file/06-Seisakujouhou-10900000-Kenkoukyoku/0000157254.docx
141	https://www.mhlw.go.jp/file/06-Seisakujouhou-10900000-Kenkoukyoku/0000157154.docx
142	https://www.mhlw.go.jp/file/06-Seisakujouhou-10900000-Kenkoukyoku/0000157300.docx
143	https://www.mhlw.go.jp/file/06-Seisakujouhou-10900000-Kenkoukyoku/0000157301.docx
144	https://www.mhlw.go.jp/file/06-Seisakujouhou-10900000-Kenkoukyoku/0000157321.docx
145	https://www.mhlw.go.jp/file/06-Seisakujouhou-10900000-Kenkoukyoku/0000157142.docx
146	https://www.mhlw.go.jp/file/06-Seisakujouhou-10900000-Kenkoukyoku/0000157151.docx
147	https://www.mhlw.go.jp/file/06-Seisakujouhou-10900000-Kenkoukyoku/0000157234.docx
148	https://www.mhlw.go.jp/file/06-Seisakujouhou-10900000-Kenkoukyoku/0000157310.docx
149	https://www.mhlw.go.jp/file/06-Seisakujouhou-10900000-Kenkoukyoku/0000157294.docx
150	https://www.mhlw.go.jp/file/06-Seisakujouhou-10900000-Kenkoukyoku/0000157165.docx
151	https://www.mhlw.go.jp/file/06-Seisakujouhou-10900000-Kenkoukyoku/0000157964.docx
152	https://www.mhlw.go.jp/file/06-Seisakujouhou-10900000-Kenkoukyoku/0000157269.docx
153	https://www.mhlw.go.jp/file/06-Seisakujouhou-10900000-Kenkoukyoku/0000157258.docx
154	https://www.mhlw.go.jp/file/06-Seisakujouhou-10900000-Kenkoukyoku/0000157210.docx
155	https://www.mhlw.go.jp/file/06-Seisakujouhou-10900000-Kenkoukyoku/0000157313.docx
156	https://www.mhlw.go.jp/file/06-Seisakujouhou-10900000-Kenkoukyoku/0000157966.docx
157	https://www.mhlw.go.jp/file/06-Seisakujouhou-10900000-Kenkoukyoku/0000157218.docx
158	https://www.mhlw.go.jp/file/06-Seisakujouhou-10900000-Kenkoukyoku/0000157184.docx
159	https://www.mhlw.go.jp/file/06-Seisakujouhou-10900000-Kenkoukyoku/0000157203.docx
160	https://www.mhlw.go.jp/file/06-Seisakujouhou-10900000-Kenkoukyoku/0000157226.docx
161	https://www.mhlw.go.jp/file/06-Seisakujouhou-10900000-Kenkoukyoku/0000157157.docx
162	https://www.mhlw.go.jp/file/06-Seisakujouhou-10900000-Kenkoukyoku/0000157317.docx
163	https://www.mhlw.go.jp/file/06-Seisakujouhou-10900000-Kenkoukyoku/0000157253.docx
164	https://www.mhlw.go.jp/file/06-Seisakujouhou-10900000-Kenkoukyoku/0000157167.docx
165	https://www.mhlw.go.jp/file/06-Seisakujouhou-10900000-Kenkoukyoku/0000157270.docx
166	https://www.mhlw.go.jp/file/06-Seisakujouhou-10900000-Kenkoukyoku/0000157247.docx
167	https://www.mhlw.go.jp/file/06-Seisakujouhou-10900000-Kenkoukyoku/0000157297.docx
168	https://www.mhlw.go.jp/file/06-Seisakujouhou-10900000-Kenkoukyoku/0000157146.docx
169	https://www.mhlw.go.jp/file/06-Seisakujouhou-10900000-Kenkoukyoku/0000157307.docx
170	https://www.mhlw.go.jp/file/06-Seisakujouhou-10900000-Kenkoukyoku/0000157152.docx
171	https://www.mhlw.go.jp/file/06-Seisakujouhou-10900000-Kenkoukyoku/0000157141.docx
172	https://www.mhlw.go.jp/file/06-Seisakujouhou-10900000-Kenkoukyoku/0000157251.docx
173	https://www.mhlw.go.jp/file/06-Seisakujouhou-10900000-Kenkoukyoku/0000157281.docx
174	https://www.mhlw.go.jp/file/06-Seisakujouhou-10900000-Kenkoukyoku/0000157256.docx
175	https://www.mhlw.go.jp/file/06-Seisakujouhou-10900000-Kenkoukyoku/0000157139.docx
176	https://www.mhlw.go.jp/file/06-Seisakujouhou-10900000-Kenkoukyoku/0000157199.docx
177	https://www.mhlw.go.jp/file/06-Seisakujouhou-10900000-Kenkoukyoku/0000198077.docx
178	https://www.mhlw.go.jp/file/06-Seisakujouhou-10900000-Kenkoukyoku/0000157308.docx
179	https://www.mhlw.go.jp/file/06-Seisakujouhou-10900000-Kenkoukyoku/0000157140.docx
180	https://www.mhlw.go.jp/file/06-Seisakujouhou-10900000-Kenkoukyoku/0000157145.docx
181	https://www.mhlw.go.jp/file/06-Seisakujouhou-10900000-Kenkoukyoku/0000157178.docx
182	https://www.mhlw.go.jp/file/06-Seisakujouhou-10900000-Kenkoukyoku/0000157116.docx
183	https://www.mhlw.go.jp/file/06-Seisakujouhou-10900000-Kenkoukyoku/0000157278.docx
184	https://www.mhlw.go.jp/file/06-Seisakujouhou-10900000-Kenkoukyoku/0000157123.docx
185	https://www.mhlw.go.jp/file/06-Seisakujouhou-10900000-Kenkoukyoku/0000157198.docx
186	https://www.mhlw.go.jp/file/06-Seisakujouhou-10900000-Kenkoukyoku/0000157322.docx
187	https://www.mhlw.go.jp/file/06-Seisakujouhou-10900000-Kenkoukyoku/0000157160.docx
188	https://www.mhlw.go.jp/file/06-Seisakujouhou-10900000-Kenkoukyoku/0000157242.docx
189	https://www.mhlw.go.jp/file/06-Seisakujouhou-10900000-Kenkoukyoku/0000157302.docx
190	https://www.mhlw.go.jp/file/06-Seisakujouhou-10900000-Kenkoukyoku/0000157200.docx
191	https://www.mhlw.go.jp/file/06-Seisakujouhou-10900000-Kenkoukyoku/0000157143.doc
192	https://www.mhlw.go.jp/file/06-Seisakujouhou-10900000-Kenkoukyoku/0000157960.docx
193	https://www.mhlw.go.jp/file/06-Seisakujouhou-10900000-Kenkoukyoku/0000157286.docx
194	https://www.mhlw.go.jp/file/06-Seisakujouhou-10900000-Kenkoukyoku/0000157238.docx
195	https://www.mhlw.go.jp/file/06-Seisakujouhou-10900000-Kenkoukyoku/0000157262.docx
196	https://www.mhlw.go.jp/file/06-Seisakujouhou-10900000-Kenkoukyoku/0000157309.docx
197	https://www.mhlw.go.jp/file/06-Seisakujouhou-10900000-Kenkoukyoku/0000157128.docx
198	https://www.mhlw.go.jp/file/06-Seisakujouhou-10900000-Kenkoukyoku/0000157311_1.docx
199	https://www.mhlw.go.jp/file/06-Seisakujouhou-10900000-Kenkoukyoku/0000157196.docx
200	https://www.mhlw.go.jp/file/06-Seisakujouhou-10900000-Kenkoukyoku/0000157240.docx
201	https://www.mhlw.go.jp/file/06-Seisakujouhou-10900000-Kenkoukyoku/0000157122.docx
202	https://www.mhlw.go.jp/file/06-Seisakujouhou-10900000-Kenkoukyoku/0000157219.docx
203	https://www.mhlw.go.jp/file/06-Seisakujouhou-10900000-Kenkoukyoku/0000157259.docx
204	https://www.mhlw.go.jp/file/06-Seisakujouhou-10900000-Kenkoukyoku/0000157149.docx
205	https://www.mhlw.go.jp/file/06-Seisakujouhou-10900000-Kenkoukyoku/0000157221.docx
206	https://www.mhlw.go.jp/file/06-Seisakujouhou-10900000-Kenkoukyoku/0000157220.docx
207	https://www.mhlw.go.jp/file/06-Seisakujouhou-10900000-Kenkoukyoku/0000157235.docx
208	https://www.mhlw.go.jp/file/06-Seisakujouhou-10900000-Kenkoukyoku/0000157209.docx
209	https://www.mhlw.go.jp/file/06-Seisakujouhou-10900000-Kenkoukyoku/0000157166.docx
210	https://www.mhlw.go.jp/file/06-Seisakujouhou-10900000-Kenkoukyoku/0000157245.docx
211	https://www.mhlw.go.jp/file/06-Seisakujouhou-10900000-Kenkoukyoku/0000157201.docx
212	https://www.mhlw.go.jp/file/06-Seisakujouhou-10900000-Kenkoukyoku/0000157202.docx
213	https://www.mhlw.go.jp/file/06-Seisakujouhou-10900000-Kenkoukyoku/0000157217.docx
214	https://www.mhlw.go.jp/file/06-Seisakujouhou-10900000-Kenkoukyoku/0000157216.docx
215	https://www.mhlw.go.jp/file/06-Seisakujouhou-10900000-Kenkoukyoku/0000157279.docx
216	https://www.mhlw.go.jp/file/06-Seisakujouhou-10900000-Kenkoukyoku/0000157315.docx
217	https://www.mhlw.go.jp/file/06-Seisakujouhou-10900000-Kenkoukyoku/0000157148.docx
218	https://www.mhlw.go.jp/file/06-Seisakujouhou-10900000-Kenkoukyoku/0000157120.docx
219	https://www.mhlw.go.jp/file/06-Seisakujouhou-10900000-Kenkoukyoku/0000157169.docx
220	https://www.mhlw.go.jp/file/06-Seisakujouhou-10900000-Kenkoukyoku/0000198078.doc
221	https://www.mhlw.go.jp/file/06-Seisakujouhou-10900000-Kenkoukyoku/0000198079.doc
222	https://www.mhlw.go.jp/file/06-Seisakujouhou-10900000-Kenkoukyoku/0000198080.docx
223	https://www.mhlw.go.jp/file/06-Seisakujouhou-10900000-Kenkoukyoku/0000157126.docx
224	https://www.mhlw.go.jp/file/06-Seisakujouhou-10900000-Kenkoukyoku/0000157206.doc
225	https://www.mhlw.go.jp/file/06-Seisakujouhou-10900000-Kenkoukyoku/0000157227.docx
226	https://www.mhlw.go.jp/file/06-Seisakujouhou-10900000-Kenkoukyoku/0000157164.docx
227	https://www.mhlw.go.jp/file/06-Seisakujouhou-10900000-Kenkoukyoku/0000157153.docx
228	https://www.mhlw.go.jp/file/06-Seisakujouhou-10900000-Kenkoukyoku/0000157288.docx
229	https://www.mhlw.go.jp/file/06-Seisakujouhou-10900000-Kenkoukyoku/0000157266.docx
230	https://www.mhlw.go.jp/file/06-Seisakujouhou-10900000-Kenkoukyoku/0000198082.docx
231	https://www.mhlw.go.jp/file/06-Seisakujouhou-10900000-Kenkoukyoku/0000157119.docx
232	https://www.mhlw.go.jp/file/06-Seisakujouhou-10900000-Kenkoukyoku/0000157158.docx
233	https://www.mhlw.go.jp/file/06-Seisakujouhou-10900000-Kenkoukyoku/0000157144.docx
234	https://www.mhlw.go.jp/file/06-Seisakujouhou-10900000-Kenkoukyoku/0000157291.docx
235	https://www.mhlw.go.jp/file/06-Seisakujouhou-10900000-Kenkoukyoku/0000157283.docx
236	https://www.mhlw.go.jp/file/06-Seisakujouhou-10900000-Kenkoukyoku/0000157168.docx
237	https://www.mhlw.go.jp/file/06-Seisakujouhou-10900000-Kenkoukyoku/0000157285.docx
238	https://www.mhlw.go.jp/file/06-Seisakujouhou-10900000-Kenkoukyoku/0000198083.docx
239	https://www.mhlw.go.jp/file/06-Seisakujouhou-10900000-Kenkoukyoku/0000157273.docx
240	https://www.mhlw.go.jp/file/06-Seisakujouhou-10900000-Kenkoukyoku/0000157282.docx
241	https://www.mhlw.go.jp/file/06-Seisakujouhou-10900000-Kenkoukyoku/0000157957.docx
242	https://www.mhlw.go.jp/file/06-Seisakujouhou-10900000-Kenkoukyoku/0000157958.docx
243	https://www.mhlw.go.jp/file/06-Seisakujouhou-10900000-Kenkoukyoku/0000157959.docx
244	https://www.mhlw.go.jp/file/06-Seisakujouhou-10900000-Kenkoukyoku/0000157304.docx
245	https://www.mhlw.go.jp/file/06-Seisakujouhou-10900000-Kenkoukyoku/0000157287.docx
246	https://www.mhlw.go.jp/file/06-Seisakujouhou-10900000-Kenkoukyoku/0000157305.docx
247	https://www.mhlw.go.jp/file/06-Seisakujouhou-10900000-Kenkoukyoku/0000157124.docx
248	https://www.mhlw.go.jp/file/06-Seisakujouhou-10900000-Kenkoukyoku/0000157179.docx
249	https://www.mhlw.go.jp/file/06-Seisakujouhou-10900000-Kenkoukyoku/0000157180.docx
250	https://www.mhlw.go.jp/file/06-Seisakujouhou-10900000-Kenkoukyoku/0000157181.docx
251	https://www.mhlw.go.jp/file/06-Seisakujouhou-10900000-Kenkoukyoku/0000157261.docx
252	https://www.mhlw.go.jp/file/06-Seisakujouhou-10900000-Kenkoukyoku/0000157314.docx
253	https://www.mhlw.go.jp/file/06-Seisakujouhou-10900000-Kenkoukyoku/0000157232.docx
254	https://www.mhlw.go.jp/file/06-Seisakujouhou-10900000-Kenkoukyoku/0000157295.docx
255	https://www.mhlw.go.jp/file/06-Seisakujouhou-10900000-Kenkoukyoku/0000157284.docx
256	https://www.mhlw.go.jp/file/06-Seisakujouhou-10900000-Kenkoukyoku/0000157175.docx
257	https://www.mhlw.go.jp/file/06-Seisakujouhou-10900000-Kenkoukyoku/0000157162.docx
258	https://www.mhlw.go.jp/file/06-Seisakujouhou-10900000-Kenkoukyoku/0000157161.docx
259	https://www.mhlw.go.jp/file/06-Seisakujouhou-10900000-Kenkoukyoku/0000157319.docx
260	https://www.mhlw.go.jp/file/06-Seisakujouhou-10900000-Kenkoukyoku/0000157205.docx
261	https://www.mhlw.go.jp/file/06-Seisakujouhou-10900000-Kenkoukyoku/0000157244.docx
262	https://www.mhlw.go.jp/file/06-Seisakujouhou-10900000-Kenkoukyoku/0000157186.docx
263	https://www.mhlw.go.jp/file/06-Seisakujouhou-10900000-Kenkoukyoku/0000157263.docx
264	https://www.mhlw.go.jp/file/06-Seisakujouhou-10900000-Kenkoukyoku/0000157303.docx
265	https://www.mhlw.go.jp/file/06-Seisakujouhou-10900000-Kenkoukyoku/0000157207.docx
266	https://www.mhlw.go.jp/file/06-Seisakujouhou-10900000-Kenkoukyoku/0000157155.docx
267	https://www.mhlw.go.jp/file/06-Seisakujouhou-10900000-Kenkoukyoku/0000157187.docx
268	https://www.mhlw.go.jp/file/06-Seisakujouhou-10900000-Kenkoukyoku/0000157255.docx
269	https://www.mhlw.go.jp/file/06-Seisakujouhou-10900000-Kenkoukyoku/0000157159.docx
270	https://www.mhlw.go.jp/file/06-Seisakujouhou-10900000-Kenkoukyoku/0000157299.docx
271	https://www.mhlw.go.jp/file/06-Seisakujouhou-10900000-Kenkoukyoku/0000157171.docx
272	https://www.mhlw.go.jp/file/06-Seisakujouhou-10900000-Kenkoukyoku/0000157215.docx
273	https://www.mhlw.go.jp/file/06-Seisakujouhou-10900000-Kenkoukyoku/0000157323.docx
274	https://www.mhlw.go.jp/file/06-Seisakujouhou-10900000-Kenkoukyoku/0000157195.docx
275	https://www.mhlw.go.jp/file/06-Seisakujouhou-10900000-Kenkoukyoku/0000157241.docx
276	https://www.mhlw.go.jp/file/06-Seisakujouhou-10900000-Kenkoukyoku/0000157257.docx
277	https://www.mhlw.go.jp/file/06-Seisakujouhou-10900000-Kenkoukyoku/0000157316.docx
278	https://www.mhlw.go.jp/file/06-Seisakujouhou-10900000-Kenkoukyoku/0000157174.doc
279	https://www.mhlw.go.jp/file/06-Seisakujouhou-10900000-Kenkoukyoku/0000157172.doc
280	https://www.mhlw.go.jp/file/06-Seisakujouhou-10900000-Kenkoukyoku/0000157173.doc
281	https://www.mhlw.go.jp/file/06-Seisakujouhou-10900000-Kenkoukyoku/0000198084.doc
282	https://www.mhlw.go.jp/file/06-Seisakujouhou-10900000-Kenkoukyoku/0000157228.docx
283	https://www.mhlw.go.jp/file/06-Seisakujouhou-10900000-Kenkoukyoku/0000157193.docx
284	https://www.mhlw.go.jp/file/06-Seisakujouhou-10900000-Kenkoukyoku/0000157239.docx
285	https://www.mhlw.go.jp/file/06-Seisakujouhou-10900000-Kenkoukyoku/0000157280.docx
286	https://www.mhlw.go.jp/file/06-Seisakujouhou-10900000-Kenkoukyoku/0000157136.docx
287	https://www.mhlw.go.jp/file/06-Seisakujouhou-10900000-Kenkoukyoku/0000157147.docx
288	https://www.mhlw.go.jp/file/06-Seisakujouhou-10900000-Kenkoukyoku/0000198085.docx
289	https://www.mhlw.go.jp/file/06-Seisakujouhou-10900000-Kenkoukyoku/0000157182.docx
290	https://www.mhlw.go.jp/file/06-Seisakujouhou-10900000-Kenkoukyoku/0000157276.docx
291	https://www.mhlw.go.jp/file/06-Seisakujouhou-10900000-Kenkoukyoku/0000157277.docx
292	https://www.mhlw.go.jp/file/06-Seisakujouhou-10900000-Kenkoukyoku/0000157237.docx
293	https://www.mhlw.go.jp/file/06-Seisakujouhou-10900000-Kenkoukyoku/0000157236.docx
294	https://www.mhlw.go.jp/file/06-Seisakujouhou-10900000-Kenkoukyoku/0000157224.docx
295	https://www.mhlw.go.jp/file/06-Seisakujouhou-10900000-Kenkoukyoku/0000157260.doc
296	https://www.mhlw.go.jp/file/06-Seisakujouhou-10900000-Kenkoukyoku/0000157248.docx
297	https://www.mhlw.go.jp/file/06-Seisakujouhou-10900000-Kenkoukyoku/0000157117.docx
298	https://www.mhlw.go.jp/file/06-Seisakujouhou-10900000-Kenkoukyoku/0000157134.docx
299	https://www.mhlw.go.jp/file/06-Seisakujouhou-10900000-Kenkoukyoku/0000157963.docx
300	https://www.mhlw.go.jp/file/06-Seisakujouhou-10900000-Kenkoukyoku/0000157821.docx
301	https://www.mhlw.go.jp/file/06-Seisakujouhou-10900000-Kenkoukyoku/0000157150.docx
302	https://www.mhlw.go.jp/file/06-Seisakujouhou-10900000-Kenkoukyoku/0000157965.docx
303	https://www.mhlw.go.jp/file/06-Seisakujouhou-10900000-Kenkoukyoku/0000157114.docx
304	https://www.mhlw.go.jp/file/06-Seisakujouhou-10900000-Kenkoukyoku/0000157962.docx
305	https://www.mhlw.go.jp/file/06-Seisakujouhou-10900000-Kenkoukyoku/0000157249.docx
306	https://www.mhlw.go.jp/file/06-Seisakujouhou-10900000-Kenkoukyoku/0000157188.docx
307	https://www.mhlw.go.jp/file/06-Seisakujouhou-10900000-Kenkoukyoku/0000156561.docx
308	https://www.mhlw.go.jp/file/06-Seisakujouhou-10900000-Kenkoukyoku/0000156562.docx
309	https://www.mhlw.go.jp/file/06-Seisakujouhou-10900000-Kenkoukyoku/0000157918.docx
310	https://www.mhlw.go.jp/file/06-Seisakujouhou-10900000-Kenkoukyoku/0000156565.docx
311	https://www.mhlw.go.jp/file/06-Seisakujouhou-10900000-Kenkoukyoku/0000156566.docx
312	https://www.mhlw.go.jp/file/06-Seisakujouhou-10900000-Kenkoukyoku/0000156567.docx
313	https://www.mhlw.go.jp/file/06-Seisakujouhou-10900000-Kenkoukyoku/0000156568.docx
314	https://www.mhlw.go.jp/file/06-Seisakujouhou-10900000-Kenkoukyoku/0000156569.docx
315	https://www.mhlw.go.jp/file/06-Seisakujouhou-10900000-Kenkoukyoku/0000156570.docx
316	https://www.mhlw.go.jp/file/06-Seisakujouhou-10900000-Kenkoukyoku/0000156571.docx
317	https://www.mhlw.go.jp/file/06-Seisakujouhou-10900000-Kenkoukyoku/0000156572.docx
318	https://www.mhlw.go.jp/file/06-Seisakujouhou-10900000-Kenkoukyoku/0000156573.docx
319	https://www.mhlw.go.jp/file/06-Seisakujouhou-10900000-Kenkoukyoku/0000156574.docx
320	https://www.mhlw.go.jp/file/06-Seisakujouhou-10900000-Kenkoukyoku/0000156575.docx
321	https://www.mhlw.go.jp/file/06-Seisakujouhou-10900000-Kenkoukyoku/0000156576.docx
322	https://www.mhlw.go.jp/file/06-Seisakujouhou-10900000-Kenkoukyoku/0000156578.docx
323	https://www.mhlw.go.jp/file/06-Seisakujouhou-10900000-Kenkoukyoku/0000156602.docx
324	https://www.mhlw.go.jp/file/06-Seisakujouhou-10900000-Kenkoukyoku/0000156604.docx
325	https://www.mhlw.go.jp/file/06-Seisakujouhou-10900000-Kenkoukyoku/0000198089.doc
326	https://www.mhlw.go.jp/file/06-Seisakujouhou-10900000-Kenkoukyoku/0000156606.docx
327	https://www.mhlw.go.jp/file/06-Seisakujouhou-10900000-Kenkoukyoku/0000156608.docx
328	https://www.mhlw.go.jp/file/06-Seisakujouhou-10900000-Kenkoukyoku/0000198090.docx
329	https://www.mhlw.go.jp/file/06-Seisakujouhou-10900000-Kenkoukyoku/0000198092.docx
330	https://www.mhlw.go.jp/file/06-Seisakujouhou-10900000-Kenkoukyoku/0000198093.docx
331	https://www.mhlw.go.jp/file/06-Seisakujouhou-10900000-Kenkoukyoku/0000198086.docx
332	https://www.mhlw.go.jp/content/10900000/000522592.docx
333	https://www.mhlw.go.jp/content/10900000/000522593.docx
